Sentier,Longueur et durée,Degré de difficulté,Lieu de départ,Recommandé aux familles,Info
Le Grand-Tour,"19 km (boucle)
5 h 30",Facile,Centre de découverte et de services,,Tous les sentiers sont accessibles aux personnes à mobilité réduite.
La Pinède,"10,3 km (boucle)
3 h 30",Facile,Centre de découverte et de services,,Tous les sentiers sont accessibles aux personnes à mobilité réduite.
La Digue,"5,8 km (boucle)
2 h",Facile,Centre de découverte et de services,X,Tous les sentiers sont accessibles aux personnes à mobilité réduite.
"La Forestière
Les chiens sont admis dans ce sentier, selon certaines conditions.","5,5 km (boucle)
2 h",Facile,Centre de découverte et de services,X,Tous les sentiers sont accessibles aux personnes à mobilité réduite.
La Rivière,"2,5 km (boucle)
1 h","Facile
Accessible en poussette à grosses roues",Centre de découverte et de services,X,Tous les sentiers sont accessibles aux personnes à mobilité réduite.
